<?xml version="1.0" encoding="UTF-8"?>
<metadata xml:lang="fr"><Esri><CreaDate>20211231</CreaDate><CreaTime>11522800</CreaTime><ArcGISFormat>1.0</ArcGISFormat><SyncOnce>FALSE</SyncOnce><DataProperties><itemProps><itemName Sync="TRUE">wca_adm2_new_Merge3</itemName><imsContentType Sync="TRUE">002</imsContentType><itemSize Sync="TRUE">0.000</itemSize><itemLocation><linkage Sync="TRUE">file://\\OCHAWKSSENGIS\C$\Users\OSY\Documents\ArcGIS\Default.gdb</linkage><protocol Sync="TRUE">Local Area Network</protocol></itemLocation></itemProps><coordRef><type Sync="TRUE">Geographic</type><geogcsn Sync="TRUE">GCS_WGS_1984</geogcsn><csUnits Sync="TRUE">Angular Unit: Degree (0.017453)</csUnits><peXml Sync="TRUE">&lt;GeographicCoordinateSystem xsi:type='typens:GeographicCoordinateSystem' xmlns:xsi='http://www.w3.org/2001/XMLSchema-instance' xmlns:xs='http://www.w3.org/2001/XMLSchema' xmlns:typens='http://www.esri.com/schemas/ArcGIS/10.8'&gt;&lt;WKT&gt;GEOGCS[&amp;quot;GCS_WGS_1984&amp;quot;,DATUM[&amp;quot;D_WGS_1984&amp;quot;,SPHEROID[&amp;quot;WGS_1984&amp;quot;,6378137.0,298.257223563]],PRIMEM[&amp;quot;Greenwich&amp;quot;,0.0],UNIT[&amp;quot;Degree&amp;quot;,0.0174532925199433],AUTHORITY[&amp;quot;EPSG&amp;quot;,4326]]&lt;/WKT&gt;&lt;XOrigin&gt;-400&lt;/XOrigin&gt;&lt;YOrigin&gt;-400&lt;/YOrigin&gt;&lt;XYScale&gt;1111948722.2222221&lt;/XYScale&gt;&lt;ZOrigin&gt;-100000&lt;/ZOrigin&gt;&lt;ZScale&gt;10000&lt;/ZScale&gt;&lt;MOrigin&gt;-100000&lt;/MOrigin&gt;&lt;MScale&gt;10000&lt;/MScale&gt;&lt;XYTolerance&gt;8.983152841195215e-09&lt;/XYTolerance&gt;&lt;ZTolerance&gt;0.001&lt;/ZTolerance&gt;&lt;MTolerance&gt;0.001&lt;/MTolerance&gt;&lt;HighPrecision&gt;true&lt;/HighPrecision&gt;&lt;LeftLongitude&gt;-180&lt;/LeftLongitude&gt;&lt;WKID&gt;4326&lt;/WKID&gt;&lt;LatestWKID&gt;4326&lt;/LatestWKID&gt;&lt;/GeographicCoordinateSystem&gt;</peXml></coordRef><lineage><Process ToolSource="c:\program files (x86)\arcgis\desktop10.8\ArcToolbox\Toolboxes\Data Management Tools.tbx\Merge" Date="20210222" Time="105509">Merge wca_admbnda_adm2_ocha_18022021;ben_plus C:\Provisoires\wca_adm2_plus.shp "admin0Name "admin0Name" true true false 254 Text 0 0 ,First,#,wca_admbnda_adm2_ocha_18022021,admin0Name,-1,-1;admin0Pcod "admin0Pcod" true true false 254 Text 0 0 ,First,#,wca_admbnda_adm2_ocha_18022021,admin0Pcod,-1,-1;admin1Name "admin1Name" true true false 254 Text 0 0 ,First,#,wca_admbnda_adm2_ocha_18022021,admin1Name,-1,-1;admin2Name "admin2Name" true true false 254 Text 0 0 ,First,#,wca_admbnda_adm2_ocha_18022021,admin2Name,-1,-1;admin1Pcod "admin1Pcod" true true false 254 Text 0 0 ,First,#,wca_admbnda_adm2_ocha_18022021,admin1Pcod,-1,-1;admin2Pcod "admin2Pcod" true true false 254 Text 0 0 ,First,#,wca_admbnda_adm2_ocha_18022021,admin2Pcod,-1,-1;date_ "date_" true true false 8 Date 0 0 ,First,#,wca_admbnda_adm2_ocha_18022021,date_,-1,-1;Shape_Leng "Shape_Leng" true true false 19 Double 15 18 ,First,#,wca_admbnda_adm2_ocha_18022021,Shape_Leng,-1,-1,ben_plus,shape_Leng,-1,-1;Shape_Area "Shape_Area" true true false 19 Double 15 18 ,First,#,wca_admbnda_adm2_ocha_18022021,Shape_Area,-1,-1,ben_plus,Shape_Area,-1,-1;OBJECTID_1 "OBJECTID_1" true true false 10 Long 0 10 ,First,#,ben_plus,OBJECTID_1,-1,-1;OBJECTID_2 "OBJECTID_2" true true false 10 Long 0 10 ,First,#,ben_plus,OBJECTID_2,-1,-1;objectid "objectid" true true false 10 Long 0 10 ,First,#,ben_plus,objectid,-1,-1;adm2_code "adm2_code" true true false 10 Long 0 10 ,First,#,ben_plus,adm2_code,-1,-1;adm2_name "adm2_name" true true false 100 Text 0 0 ,First,#,ben_plus,adm2_name,-1,-1;str2_year "str2_year" true true false 10 Long 0 10 ,First,#,ben_plus,str2_year,-1,-1;exp2_year "exp2_year" true true false 10 Long 0 10 ,First,#,ben_plus,exp2_year,-1,-1;adm1_code "adm1_code" true true false 10 Long 0 10 ,First,#,ben_plus,adm1_code,-1,-1;adm1_name "adm1_name" true true false 100 Text 0 0 ,First,#,ben_plus,adm1_name,-1,-1;status "status" true true false 37 Text 0 0 ,First,#,ben_plus,status,-1,-1;disp_area "disp_area" true true false 3 Text 0 0 ,First,#,ben_plus,disp_area,-1,-1;adm0_code "adm0_code" true true false 10 Long 0 10 ,First,#,ben_plus,adm0_code,-1,-1;adm0_name "adm0_name" true true false 100 Text 0 0 ,First,#,ben_plus,adm0_name,-1,-1;Type1 "Type1" true true false 50 Text 0 0 ,First,#,ben_plus,Type1,-1,-1;Type2 "Type2" true true false 50 Text 0 0 ,First,#,ben_plus,Type2,-1,-1;ISO3 "ISO3" true true false 3 Text 0 0 ,First,#,ben_plus,ISO3,-1,-1;adm1Pcod3 "adm1Pcod3" true true false 6 Text 0 0 ,First,#,ben_plus,adm1Pcod3,-1,-1;adm2Pcod "adm2Pcod" true true false 6 Text 0 0 ,First,#,ben_plus,adm2Pcod,-1,-1;adm2Pcod3 "adm2Pcod3" true true false 9 Text 0 0 ,First,#,ben_plus,adm2Pcod3,-1,-1;Shape_Le_1 "Shape_Le_1" true true false 19 Double 0 0 ,First,#,ben_plus,Shape_Le_1,-1,-1;Shape_Le_2 "Shape_Le_2" true true false 19 Double 0 0 ,First,#,ben_plus,Shape_Le_2,-1,-1"</Process><Process ToolSource="c:\program files (x86)\arcgis\desktop10.8\ArcToolbox\Toolboxes\Data Management Tools.tbx\CalculateField" Date="20210222" Time="112016">CalculateField wca_adm2_plus admin0Name [adm0_name] VB #</Process><Process ToolSource="c:\program files (x86)\arcgis\desktop10.8\ArcToolbox\Toolboxes\Data Management Tools.tbx\CalculateField" Date="20210222" Time="112029">CalculateField wca_adm2_plus admin0Pcod [adm0_code] VB #</Process><Process ToolSource="c:\program files (x86)\arcgis\desktop10.8\ArcToolbox\Toolboxes\Data Management Tools.tbx\CalculateField" Date="20210222" Time="112111">CalculateField wca_adm2_plus admin0Pcod "BJ" VB #</Process><Process ToolSource="c:\program files (x86)\arcgis\desktop10.8\ArcToolbox\Toolboxes\Data Management Tools.tbx\CalculateField" Date="20210222" Time="112124">CalculateField wca_adm2_plus admin1Name [adm1_name] VB #</Process><Process ToolSource="c:\program files (x86)\arcgis\desktop10.8\ArcToolbox\Toolboxes\Data Management Tools.tbx\CalculateField" Date="20210222" Time="112157">CalculateField wca_adm2_plus admin2Name [adm2_name] VB #</Process><Process ToolSource="c:\program files (x86)\arcgis\desktop10.8\ArcToolbox\Toolboxes\Data Management Tools.tbx\CalculateField" Date="20210222" Time="112315">CalculateField wca_adm2_plus admin2Pcod [adm2Pcod] VB #</Process><Process ToolSource="c:\program files (x86)\arcgis\desktop10.8\ArcToolbox\Toolboxes\Data Management Tools.tbx\DeleteField" Date="20210222" Time="112605">DeleteField wca_adm2_plus Shape_Leng;Shape_Area;OBJECTID_1;OBJECTID_2;objectid;adm2_code;str2_year;exp2_year;adm1_code;adm1_name;status;disp_area;adm0_code;adm0_name;Type1;Type2;ISO3;adm1Pcod3;adm2Pcod;adm2Pcod3;Shape_Le_1;Shape_Le_2</Process><Process ToolSource="c:\program files (x86)\arcgis\desktop10.8\ArcToolbox\Toolboxes\Data Management Tools.tbx\CalculateField" Date="20210222" Time="112634">CalculateField wca_adm2_plus date_ "22022021" VB #</Process><Process ToolSource="c:\program files (x86)\arcgis\desktop10.8\ArcToolbox\Toolboxes\Data Management Tools.tbx\CalculateField" Date="20210222" Time="112652">CalculateField wca_adm2_plus date_ "22022021" VB #</Process><Process ToolSource="c:\program files (x86)\arcgis\desktop10.8\ArcToolbox\Toolboxes\Data Management Tools.tbx\CalculateField" Date="20210222" Time="112718">CalculateField wca_adm2_plus date "22022021" VB #</Process><Process ToolSource="c:\program files (x86)\arcgis\desktop10.8\ArcToolbox\Toolboxes\Data Management Tools.tbx\Merge" Date="20210622" Time="094732">Merge wca_admbnda_adm2_ocha_18022021;sle_admibnda_adm2_2016 C:\Users\OSY\Documents\ArcGIS\Default.gdb\wca_admbnda_adm2_ocha_180220 "OBJECTID "OBJECTID" true true false 10 Long 0 10 ,First,#,wca_admbnda_adm2_ocha_18022021,OBJECTID,-1,-1;admin0Name "admin0Name" true true false 254 Text 0 0 ,First,#,wca_admbnda_adm2_ocha_18022021,admin0Name,-1,-1,sle_admibnda_adm2_2016,admin0Name,-1,-1;admin0Pcod "admin0Pcod" true true false 254 Text 0 0 ,First,#,wca_admbnda_adm2_ocha_18022021,admin0Pcod,-1,-1,sle_admibnda_adm2_2016,admin0Pcod,-1,-1;admin1Name "admin1Name" true true false 254 Text 0 0 ,First,#,wca_admbnda_adm2_ocha_18022021,admin1Name,-1,-1,sle_admibnda_adm2_2016,admin1Name,-1,-1;admin2Name "admin2Name" true true false 254 Text 0 0 ,First,#,wca_admbnda_adm2_ocha_18022021,admin2Name,-1,-1,sle_admibnda_adm2_2016,admin2Name,-1,-1;admin1Pcod "admin1Pcod" true true false 254 Text 0 0 ,First,#,wca_admbnda_adm2_ocha_18022021,admin1Pcod,-1,-1,sle_admibnda_adm2_2016,admin1Pcod,-1,-1;admin2Pcod "admin2Pcod" true true false 254 Text 0 0 ,First,#,wca_admbnda_adm2_ocha_18022021,admin2Pcod,-1,-1,sle_admibnda_adm2_2016,admin2Pcod,-1,-1;date "date" true true false 8 Date 0 0 ,First,#,wca_admbnda_adm2_ocha_18022021,date,-1,-1,sle_admibnda_adm2_2016,date,-1,-1;Shape_Leng "Shape_Leng" true true false 19 Double 0 0 ,First,#,wca_admbnda_adm2_ocha_18022021,Shape_Leng,-1,-1;Shape_Area "Shape_Area" true true false 19 Double 0 0 ,First,#,wca_admbnda_adm2_ocha_18022021,Shape_Area,-1,-1;source "source" true true false 20 Text 0 0 ,First,#,sle_admibnda_adm2_2016,source,-1,-1;last_modif "last_modif" true true false 8 Date 0 0 ,First,#,sle_admibnda_adm2_2016,last_modif,-1,-1;admin2RefN "admin2RefN" true true false 254 Text 0 0 ,First,#,sle_admibnda_adm2_2016,admin2RefN,-1,-1"</Process><Process ToolSource="c:\program files (x86)\arcgis\desktop10.8\ArcToolbox\Toolboxes\Data Management Tools.tbx\CalculateField" Date="20210622" Time="094807">CalculateField wca_admbnda_adm2_ocha_180220 last_modif "22/06/2021" VB #</Process><Process ToolSource="c:\program files (x86)\arcgis\desktop10.8\ArcToolbox\Toolboxes\Data Management Tools.tbx\Merge" Date="20210623" Time="171350">Merge wca_admbnda_adm2_ocha_corr;ajout C:\Users\OSY\Documents\ArcGIS\Default.gdb\wca_admbnda_adm2_ocha_corr_M "OBJECTID_1 "OBJECTID_1" true true false 10 Long 0 10 ,First,#,wca_admbnda_adm2_ocha_corr,OBJECTID_1,-1,-1;admin0Name "admin0Name" true true false 254 Text 0 0 ,First,#,wca_admbnda_adm2_ocha_corr,admin0Name,-1,-1,ajout,admin0Name,-1,-1;admin0Pcod "admin0Pcod" true true false 254 Text 0 0 ,First,#,wca_admbnda_adm2_ocha_corr,admin0Pcod,-1,-1,ajout,admin0Pcod,-1,-1;admin1Name "admin1Name" true true false 254 Text 0 0 ,First,#,wca_admbnda_adm2_ocha_corr,admin1Name,-1,-1,ajout,admin1Name,-1,-1;admin2Name "admin2Name" true true false 254 Text 0 0 ,First,#,wca_admbnda_adm2_ocha_corr,admin2Name,-1,-1,ajout,admin2Name,-1,-1;admin1Pcod "admin1Pcod" true true false 254 Text 0 0 ,First,#,wca_admbnda_adm2_ocha_corr,admin1Pcod,-1,-1,ajout,admin1Pcod,-1,-1;admin2Pcod "admin2Pcod" true true false 254 Text 0 0 ,First,#,wca_admbnda_adm2_ocha_corr,admin2Pcod,-1,-1,ajout,admin2Pcod,-1,-1;last_modif "last_modif" true true false 8 Date 0 0 ,First,#,wca_admbnda_adm2_ocha_corr,last_modif,-1,-1;Shape_Leng "Shape_Leng" true true false 19 Double 0 0 ,First,#,wca_admbnda_adm2_ocha_corr,Shape_Leng,-1,-1,ajout,Shape_Leng,-1,-1;Shape_Area "Shape_Area" true true false 19 Double 0 0 ,First,#,wca_admbnda_adm2_ocha_corr,Shape_Area,-1,-1,ajout,Shape_Area,-1,-1;OBJECTID "OBJECTID" true true false 10 Long 0 10 ,First,#,ajout,OBJECTID,-1,-1;iso3 "iso3" true true false 10 Text 0 0 ,First,#,ajout,iso3,-1,-1;source "source" true true false 20 Text 0 0 ,First,#,ajout,source,-1,-1;date "date" true true false 8 Date 0 0 ,First,#,ajout,date,-1,-1"</Process><Process ToolSource="c:\program files (x86)\arcgis\desktop10.8\ArcToolbox\Toolboxes\Data Management Tools.tbx\CalculateField" Date="20210624" Time="092759">CalculateField wca_admbnda_adm2_ocha_corr_M source "OCHA from country layres" VB #</Process><Process ToolSource="c:\program files (x86)\arcgis\desktop10.8\ArcToolbox\Toolboxes\Data Management Tools.tbx\CalculateField" Date="20210624" Time="092828">CalculateField wca_admbnda_adm2_ocha_corr_M source "OCHA from ctry layers" VB #</Process><Process ToolSource="c:\program files (x86)\arcgis\desktop10.8\ArcToolbox\Toolboxes\Data Management Tools.tbx\CalculateField" Date="20210624" Time="092858">CalculateField wca_admbnda_adm2_ocha_corr_M source "OCHAfrom ctrylayers" VB #</Process><Process ToolSource="c:\program files (x86)\arcgis\desktop10.8\ArcToolbox\Toolboxes\Data Management Tools.tbx\CalculateField" Date="20210624" Time="092923">CalculateField wca_admbnda_adm2_ocha_corr_M date "24/06/2021" VB #</Process><Process ToolSource="c:\program files (x86)\arcgis\desktop10.8\ArcToolbox\Toolboxes\Data Management Tools.tbx\CalculateField" Date="20210809" Time="110815">CalculateField wca_admbnda_adm2_ocha admin2Name "Fabala" VB #</Process><Process ToolSource="c:\program files (x86)\arcgis\desktop10.8\ArcToolbox\Toolboxes\Data Management Tools.tbx\CalculateField" Date="20210809" Time="110838">CalculateField wca_admbnda_adm2_ocha admin2Pcod "SL0206" VB #</Process><Process ToolSource="c:\program files (x86)\arcgis\desktop10.8\ArcToolbox\Toolboxes\Data Management Tools.tbx\CalculateField" Date="20210809" Time="110918">CalculateField wca_admbnda_adm2_ocha admin2Name "Koinadugu" VB #</Process><Process ToolSource="c:\program files (x86)\arcgis\desktop10.8\ArcToolbox\Toolboxes\Data Management Tools.tbx\CalculateField" Date="20210809" Time="110931">CalculateField wca_admbnda_adm2_ocha admin2Pcod "SL0203" VB #</Process><Process ToolSource="c:\program files (x86)\arcgis\desktop10.8\ArcToolbox\Toolboxes\Data Management Tools.tbx\Merge" Date="20210809" Time="132945">Merge wca_admbnda_adm2_ocha_29062021;'C:\United Nations\OCHA ROWCA MsTeams - 07_GIS\26_sierra_leone\04_Shapes_files\sle_admbnda_adm2_gov_2016.shp' C:\Users\OSY\Documents\ArcGIS\Default.gdb\wca_admbnda_adm2_ocha_290620 "OBJECTID "OBJECTID" true true false 10 Long 0 10 ,First,#,wca_admbnda_adm2_ocha_29062021,OBJECTID,-1,-1;OBJECTID_1 "OBJECTID_1" true true false 10 Long 0 10 ,First,#,wca_admbnda_adm2_ocha_29062021,OBJECTID_1,-1,-1;admin0Name "admin0Name" true true false 254 Text 0 0 ,First,#,wca_admbnda_adm2_ocha_29062021,admin0Name,-1,-1,C:\United Nations\OCHA ROWCA MsTeams - 07_GIS\26_sierra_leone\04_Shapes_files\sle_admbnda_adm2_gov_2016.shp,admin0Name,-1,-1;admin0Pcod "admin0Pcod" true true false 254 Text 0 0 ,First,#,wca_admbnda_adm2_ocha_29062021,admin0Pcod,-1,-1,C:\United Nations\OCHA ROWCA MsTeams - 07_GIS\26_sierra_leone\04_Shapes_files\sle_admbnda_adm2_gov_2016.shp,admin0Pcod,-1,-1;admin1Name "admin1Name" true true false 254 Text 0 0 ,First,#,wca_admbnda_adm2_ocha_29062021,admin1Name,-1,-1,C:\United Nations\OCHA ROWCA MsTeams - 07_GIS\26_sierra_leone\04_Shapes_files\sle_admbnda_adm2_gov_2016.shp,admin1Name,-1,-1;admin2Name "admin2Name" true true false 254 Text 0 0 ,First,#,wca_admbnda_adm2_ocha_29062021,admin2Name,-1,-1,C:\United Nations\OCHA ROWCA MsTeams - 07_GIS\26_sierra_leone\04_Shapes_files\sle_admbnda_adm2_gov_2016.shp,admin2Name,-1,-1;admin1Pcod "admin1Pcod" true true false 254 Text 0 0 ,First,#,wca_admbnda_adm2_ocha_29062021,admin1Pcod,-1,-1,C:\United Nations\OCHA ROWCA MsTeams - 07_GIS\26_sierra_leone\04_Shapes_files\sle_admbnda_adm2_gov_2016.shp,admin1Pcod,-1,-1;admin2Pcod "admin2Pcod" true true false 254 Text 0 0 ,First,#,wca_admbnda_adm2_ocha_29062021,admin2Pcod,-1,-1,C:\United Nations\OCHA ROWCA MsTeams - 07_GIS\26_sierra_leone\04_Shapes_files\sle_admbnda_adm2_gov_2016.shp,admin2Pcod,-1,-1;last_modif "last_modif" true true false 8 Date 0 0 ,First,#,wca_admbnda_adm2_ocha_29062021,last_modif,-1,-1;Shape_Leng "Shape_Leng" true true false 19 Double 0 0 ,First,#,wca_admbnda_adm2_ocha_29062021,Shape_Leng,-1,-1;source "source" true true false 20 Text 0 0 ,First,#,wca_admbnda_adm2_ocha_29062021,source,-1,-1,C:\United Nations\OCHA ROWCA MsTeams - 07_GIS\26_sierra_leone\04_Shapes_files\sle_admbnda_adm2_gov_2016.shp,source,-1,-1;date "date" true true false 8 Date 0 0 ,First,#,wca_admbnda_adm2_ocha_29062021,date,-1,-1,C:\United Nations\OCHA ROWCA MsTeams - 07_GIS\26_sierra_leone\04_Shapes_files\sle_admbnda_adm2_gov_2016.shp,date,-1,-1;Shape_Le_1 "Shape_Le_1" true true false 19 Double 0 0 ,First,#,wca_admbnda_adm2_ocha_29062021,Shape_Le_1,-1,-1;Shape_Le_2 "Shape_Le_2" true true false 19 Double 0 0 ,First,#,wca_admbnda_adm2_ocha_29062021,Shape_Le_2,-1,-1;Shape_Area "Shape_Area" true true false 19 Double 0 0 ,First,#,wca_admbnda_adm2_ocha_29062021,Shape_Area,-1,-1;iso3 "iso3" true true false 10 Text 0 0 ,First,#,C:\United Nations\OCHA ROWCA MsTeams - 07_GIS\26_sierra_leone\04_Shapes_files\sle_admbnda_adm2_gov_2016.shp,iso3,-1,-1;validOn "validOn" true true false 8 Date 0 0 ,First,#,C:\United Nations\OCHA ROWCA MsTeams - 07_GIS\26_sierra_leone\04_Shapes_files\sle_admbnda_adm2_gov_2016.shp,validOn,-1,-1;validTo "validTo" true true false 254 Text 0 0 ,First,#,C:\United Nations\OCHA ROWCA MsTeams - 07_GIS\26_sierra_leone\04_Shapes_files\sle_admbnda_adm2_gov_2016.shp,validTo,-1,-1"</Process><Process ToolSource="c:\program files (x86)\arcgis\desktop10.8\ArcToolbox\Toolboxes\Data Management Tools.tbx\CalculateField" Date="20210809" Time="133354">CalculateField wca_admbnda_adm2_ocha_290620 source "OCHAfrom ctrylayers" VB #</Process><Process ToolSource="c:\program files (x86)\arcgis\desktop10.8\ArcToolbox\Toolboxes\Data Management Tools.tbx\Merge" Date="20210921" Time="121030">Merge wca_adm2;OCHA_CMR_adm02 C:\Provisoires\WCA\wca_adm2_new.shp "OBJECTID_1 "OBJECTID_1" true true false 10 Long 0 10 ,First,#,wca_adm2,OBJECTID_1,-1,-1;admin0Name "admin0Name" true true false 254 Text 0 0 ,First,#,wca_adm2,admin0Name,-1,-1;admin0Pcod "admin0Pcod" true true false 254 Text 0 0 ,First,#,wca_adm2,admin0Pcod,-1,-1;admin1Name "admin1Name" true true false 254 Text 0 0 ,First,#,wca_adm2,admin1Name,-1,-1;admin2Name "admin2Name" true true false 254 Text 0 0 ,First,#,wca_adm2,admin2Name,-1,-1;admin1Pcod "admin1Pcod" true true false 254 Text 0 0 ,First,#,wca_adm2,admin1Pcod,-1,-1,OCHA_CMR_adm02,admin1Pcod,-1,-1;admin2Pcod "admin2Pcod" true true false 254 Text 0 0 ,First,#,wca_adm2,admin2Pcod,-1,-1,OCHA_CMR_adm02,admin2Pcod,-1,-1;last_modif "last_modif" true true false 8 Date 0 0 ,First,#,wca_adm2,last_modif,-1,-1;source "source" true true false 20 Text 0 0 ,First,#,wca_adm2,source,-1,-1;date "date" true true false 8 Date 0 0 ,First,#,wca_adm2,date,-1,-1;validOn "validOn" true true false 8 Date 0 0 ,First,#,wca_adm2,validOn,-1,-1;validTo "validTo" true true false 254 Text 0 0 ,First,#,wca_adm2,validTo,-1,-1;Shape_Leng "Shape_Leng" true true false 19 Double 0 0 ,First,#,wca_adm2,Shape_Leng,-1,-1;Shape_Area "Shape_Area" true true false 19 Double 0 0 ,First,#,wca_adm2,Shape_Area,-1,-1;ISO2 "ISO2" true true false 2 Text 0 0 ,First,#,OCHA_CMR_adm02,ISO2,-1,-1;ISO3 "ISO3" true true false 3 Text 0 0 ,First,#,OCHA_CMR_adm02,ISO3,-1,-1;adm01_fr "adm01_fr" true true false 25 Text 0 0 ,First,#,OCHA_CMR_adm02,adm01_fr,-1,-1;adm02_fr "adm02_fr" true true false 25 Text 0 0 ,First,#,OCHA_CMR_adm02,adm02_fr,-1,-1;adm01_en "adm01_en" true true false 25 Text 0 0 ,First,#,OCHA_CMR_adm02,adm01_en,-1,-1;adm02_nd "adm02_nd" true true false 25 Text 0 0 ,First,#,OCHA_CMR_adm02,adm02_nd,-1,-1;adm01 "adm01" true true false 25 Text 0 0 ,First,#,OCHA_CMR_adm02,adm01,-1,-1;adm02 "adm02" true true false 25 Text 0 0 ,First,#,OCHA_CMR_adm02,adm02,-1,-1;adm1pcode "adm1pcode" true true false 5 Text 0 0 ,First,#,OCHA_CMR_adm02,adm1pcode,-1,-1;adm2pcode "adm2pcode" true true false 8 Text 0 0 ,First,#,OCHA_CMR_adm02,adm2pcode,-1,-1"</Process><Process ToolSource="c:\program files (x86)\arcgis\desktop10.8\ArcToolbox\Toolboxes\Data Management Tools.tbx\CalculateField" Date="20210921" Time="121257">CalculateField wca_adm2_new admin0Name "Cameroon" VB #</Process><Process ToolSource="c:\program files (x86)\arcgis\desktop10.8\ArcToolbox\Toolboxes\Data Management Tools.tbx\CalculateField" Date="20210921" Time="121305">CalculateField wca_adm2_new admin0Pcod "CM" VB #</Process><Process ToolSource="c:\program files (x86)\arcgis\desktop10.8\ArcToolbox\Toolboxes\Data Management Tools.tbx\CalculateField" Date="20210921" Time="121314">CalculateField wca_adm2_new admin1Name [adm01] VB #</Process><Process ToolSource="c:\program files (x86)\arcgis\desktop10.8\ArcToolbox\Toolboxes\Data Management Tools.tbx\CalculateField" Date="20210921" Time="121327">CalculateField wca_adm2_new admin2Name [adm02_fr] VB #</Process><Process ToolSource="c:\program files (x86)\arcgis\desktop10.8\ArcToolbox\Toolboxes\Data Management Tools.tbx\DeleteField" Date="20210921" Time="121430">DeleteField wca_adm2_new ISO2;ISO3;adm01_fr;adm02_fr;adm01_en;adm02_nd;adm01;adm02;adm1pcode;adm2pcode</Process><Process ToolSource="c:\program files (x86)\arcgis\desktop10.8\ArcToolbox\Toolboxes\Data Management Tools.tbx\CalculateField" Date="20210921" Time="121454">CalculateField wca_adm2_new source "OCHAfrom ctrylayers" VB #</Process><Process ToolSource="c:\program files (x86)\arcgis\desktop10.8\ArcToolbox\Toolboxes\Data Management Tools.tbx\CalculateField" Date="20210921" Time="121506">CalculateField wca_adm2_new date "24/06/2021" VB #</Process><Process ToolSource="c:\program files (x86)\arcgis\desktop10.8\ArcToolbox\Toolboxes\Data Management Tools.tbx\Merge" Date="20210921" Time="154025">Merge wca_adm2_new;menaka C:\Users\OSY\Documents\ArcGIS\Default.gdb\wca_adm2_new_Merge3 "admin0Name "admin0Name" true true false 254 Text 0 0 ,First,#,wca_adm2_new,admin0Name,-1,-1,menaka,admin0Name,-1,-1;admin0Pcod "admin0Pcod" true true false 254 Text 0 0 ,First,#,wca_adm2_new,admin0Pcod,-1,-1,menaka,admin0Pcod,-1,-1;admin1Name "admin1Name" true true false 254 Text 0 0 ,First,#,wca_adm2_new,admin1Name,-1,-1,menaka,admin1Name,-1,-1;admin2Name "admin2Name" true true false 254 Text 0 0 ,First,#,wca_adm2_new,admin2Name,-1,-1,menaka,admin2Name,-1,-1;admin1Pcod "admin1Pcod" true true false 254 Text 0 0 ,First,#,wca_adm2_new,admin1Pcod,-1,-1,menaka,admin1Pcod,-1,-1;admin2Pcod "admin2Pcod" true true false 254 Text 0 0 ,First,#,wca_adm2_new,admin2Pcod,-1,-1,menaka,admin2Pcod,-1,-1;last_modif "last_modif" true true false 8 Date 0 0 ,First,#,wca_adm2_new,last_modif,-1,-1,menaka,last_modif,-1,-1;source "source" true true false 20 Text 0 0 ,First,#,wca_adm2_new,source,-1,-1,menaka,source,-1,-1;date "date" true true false 8 Date 0 0 ,First,#,wca_adm2_new,date,-1,-1,menaka,date,-1,-1;validOn "validOn" true true false 8 Date 0 0 ,First,#,wca_adm2_new,validOn,-1,-1,menaka,validOn,-1,-1;validTo "validTo" true true false 254 Text 0 0 ,First,#,wca_adm2_new,validTo,-1,-1,menaka,validTo,-1,-1;OBJECTID "OBJECTID" true true false 10 Long 0 10 ,First,#,menaka,OBJECTID,-1,-1;OBJECTID_1 "OBJECTID_1" true true false 10 Long 0 10 ,First,#,menaka,OBJECTID_1,-1,-1;Shape_Leng "Shape_Leng" true true false 19 Double 0 0 ,First,#,menaka,Shape_Leng,-1,-1;Shape_Le_1 "Shape_Le_1" true true false 19 Double 0 0 ,First,#,menaka,Shape_Le_1,-1,-1;Shape_Le_2 "Shape_Le_2" true true false 19 Double 0 0 ,First,#,menaka,Shape_Le_2,-1,-1;Shape_Area "Shape_Area" true true false 19 Double 0 0 ,First,#,menaka,Shape_Area,-1,-1"</Process></lineage></DataProperties><SyncDate>20210921</SyncDate><SyncTime>15402100</SyncTime><ModDate>20210921</ModDate><ModTime>15402100</ModTime></Esri><dataIdInfo><envirDesc Sync="TRUE"> Version 6.2 (Build 9200) ; Esri ArcGIS 10.8.0.12790</envirDesc><dataLang><languageCode value="fra" Sync="TRUE"></languageCode><countryCode value="FRA" Sync="TRUE"></countryCode></dataLang><idCitation><resTitle Sync="TRUE">wca_adm2_new_Merge3</resTitle><presForm><PresFormCd value="005" Sync="TRUE"></PresFormCd></presForm></idCitation><spatRpType><SpatRepTypCd value="001" Sync="TRUE"></SpatRepTypCd></spatRpType></dataIdInfo><mdLang><languageCode value="fra" Sync="TRUE"></languageCode><countryCode value="FRA" Sync="TRUE"></countryCode></mdLang><mdChar><CharSetCd value="004" Sync="TRUE"></CharSetCd></mdChar><distInfo><distFormat><formatName Sync="TRUE">File Geodatabase Feature Class</formatName></distFormat><distTranOps><transSize Sync="TRUE">0.000</transSize></distTranOps></distInfo><mdHrLv><ScopeCd value="005" Sync="TRUE"></ScopeCd></mdHrLv><mdHrLvName Sync="TRUE">dataset</mdHrLvName><refSysInfo><RefSystem><refSysID><identCode code="4326" Sync="TRUE"></identCode><idCodeSpace Sync="TRUE">EPSG</idCodeSpace><idVersion Sync="TRUE">6.14(3.0.1)</idVersion></refSysID></RefSystem></refSysInfo><spatRepInfo><VectSpatRep><geometObjs Name="wca_adm2_new_Merge3"><geoObjTyp><GeoObjTypCd value="002" Sync="TRUE"></GeoObjTypCd></geoObjTyp><geoObjCnt Sync="TRUE">0</geoObjCnt></geometObjs><topLvl><TopoLevCd value="001" Sync="TRUE"></TopoLevCd></topLvl></VectSpatRep></spatRepInfo><spdoinfo><ptvctinf><esriterm Name="wca_adm2_new_Merge3"><efeatyp Sync="TRUE">Simple</efeatyp><efeageom code="4" Sync="TRUE"></efeageom><esritopo Sync="TRUE">FALSE</esritopo><efeacnt Sync="TRUE">0</efeacnt><spindex Sync="TRUE">TRUE</spindex><linrefer Sync="TRUE">FALSE</linrefer></esriterm></ptvctinf></spdoinfo><eainfo><detailed Name="wca_adm2_new_Merge3"><enttyp><enttypl Sync="TRUE">wca_adm2_new_Merge3</enttypl><enttypt Sync="TRUE">Feature Class</enttypt><enttypc Sync="TRUE">0</enttypc></enttyp><attr><attrlabl Sync="TRUE">OBJECTID_12</attrlabl><attalias Sync="TRUE">OBJECTID_12</attalias><attrtype Sync="TRUE">OID</attrtype><attwidth Sync="TRUE">4</attwidth><atprecis Sync="TRUE">0</atprecis><attscale Sync="TRUE">0</attscale><attrdef Sync="TRUE">Internal feature number.</attrdef><attrdefs Sync="TRUE">Esri</attrdefs><attrdomv><udom Sync="TRUE">Sequential unique whole numbers that are automatically generated.</udom></attrdomv></attr><attr><attrlabl Sync="TRUE">Shape</attrlabl><attalias Sync="TRUE">Shape</attalias><attrtype Sync="TRUE">Geometry</attrtype><attwidth Sync="TRUE">0</attwidth><atprecis Sync="TRUE">0</atprecis><attscale Sync="TRUE">0</attscale><attrdef Sync="TRUE">Feature geometry.</attrdef><attrdefs Sync="TRUE">Esri</attrdefs><attrdomv><udom Sync="TRUE">Coordinates defining the features.</udom></attrdomv></attr><attr><attrlabl Sync="TRUE">admin0Name</attrlabl><attalias Sync="TRUE">admin0Name</attalias><attrtype Sync="TRUE">String</attrtype><attwidth Sync="TRUE">254</attwidth><atprecis Sync="TRUE">0</atprecis><attscale Sync="TRUE">0</attscale></attr><attr><attrlabl Sync="TRUE">admin0Pcod</attrlabl><attalias Sync="TRUE">admin0Pcod</attalias><attrtype Sync="TRUE">String</attrtype><attwidth Sync="TRUE">254</attwidth><atprecis Sync="TRUE">0</atprecis><attscale Sync="TRUE">0</attscale></attr><attr><attrlabl Sync="TRUE">admin1Name</attrlabl><attalias Sync="TRUE">admin1Name</attalias><attrtype Sync="TRUE">String</attrtype><attwidth Sync="TRUE">254</attwidth><atprecis Sync="TRUE">0</atprecis><attscale Sync="TRUE">0</attscale></attr><attr><attrlabl Sync="TRUE">admin2Name</attrlabl><attalias Sync="TRUE">admin2Name</attalias><attrtype Sync="TRUE">String</attrtype><attwidth Sync="TRUE">254</attwidth><atprecis Sync="TRUE">0</atprecis><attscale Sync="TRUE">0</attscale></attr><attr><attrlabl Sync="TRUE">admin1Pcod</attrlabl><attalias Sync="TRUE">admin1Pcod</attalias><attrtype Sync="TRUE">String</attrtype><attwidth Sync="TRUE">254</attwidth><atprecis Sync="TRUE">0</atprecis><attscale Sync="TRUE">0</attscale></attr><attr><attrlabl Sync="TRUE">admin2Pcod</attrlabl><attalias Sync="TRUE">admin2Pcod</attalias><attrtype Sync="TRUE">String</attrtype><attwidth Sync="TRUE">254</attwidth><atprecis Sync="TRUE">0</atprecis><attscale Sync="TRUE">0</attscale></attr><attr><attrlabl Sync="TRUE">Shape_Leng</attrlabl><attalias Sync="TRUE">Shape_Leng</attalias><attrtype Sync="TRUE">Double</attrtype><attwidth Sync="TRUE">8</attwidth><atprecis Sync="TRUE">0</atprecis><attscale Sync="TRUE">0</attscale></attr><attr><attrlabl Sync="TRUE">Shape_Area</attrlabl><attalias Sync="TRUE">Shape_Area</attalias><attrtype Sync="TRUE">Double</attrtype><attwidth Sync="TRUE">8</attwidth><atprecis Sync="TRUE">0</atprecis><attscale Sync="TRUE">0</attscale><attrdef Sync="TRUE">Area of feature in internal units squared.</attrdef><attrdefs Sync="TRUE">Esri</attrdefs><attrdomv><udom Sync="TRUE">Positive real numbers that are automatically generated.</udom></attrdomv></attr><attr><attrlabl Sync="TRUE">date</attrlabl><attalias Sync="TRUE">date</attalias><attrtype Sync="TRUE">Date</attrtype><attwidth Sync="TRUE">8</attwidth><atprecis Sync="TRUE">0</atprecis><attscale Sync="TRUE">0</attscale></attr><attr><attrlabl Sync="TRUE">OBJECTID_1</attrlabl><attalias Sync="TRUE">OBJECTID_1</attalias><attrtype Sync="TRUE">Integer</attrtype><attwidth Sync="TRUE">4</attwidth><atprecis Sync="TRUE">0</atprecis><attscale Sync="TRUE">0</attscale><attrdef Sync="TRUE">Internal feature number.</attrdef><attrdefs Sync="TRUE">Esri</attrdefs><attrdomv><udom Sync="TRUE">Sequential unique whole numbers that are automatically generated.</udom></attrdomv></attr><attr><attrlabl Sync="TRUE">source</attrlabl><attalias Sync="TRUE">source</attalias><attrtype Sync="TRUE">String</attrtype><attwidth Sync="TRUE">20</attwidth><atprecis Sync="TRUE">0</atprecis><attscale Sync="TRUE">0</attscale></attr><attr><attrlabl Sync="TRUE">OBJECTID</attrlabl><attalias Sync="TRUE">OBJECTID</attalias><attrtype Sync="TRUE">Integer</attrtype><attwidth Sync="TRUE">4</attwidth><atprecis Sync="TRUE">0</atprecis><attscale Sync="TRUE">0</attscale></attr><attr><attrlabl Sync="TRUE">last_modif</attrlabl><attalias Sync="TRUE">last_modif</attalias><attrtype Sync="TRUE">Date</attrtype><attwidth Sync="TRUE">8</attwidth><atprecis Sync="TRUE">0</atprecis><attscale Sync="TRUE">0</attscale></attr><attr><attrlabl Sync="TRUE">validOn</attrlabl><attalias Sync="TRUE">validOn</attalias><attrtype Sync="TRUE">Date</attrtype><attwidth Sync="TRUE">8</attwidth><atprecis Sync="TRUE">0</atprecis><attscale Sync="TRUE">0</attscale></attr><attr><attrlabl Sync="TRUE">Shape_Le_1</attrlabl><attalias Sync="TRUE">Shape_Le_1</attalias><attrtype Sync="TRUE">Double</attrtype><attwidth Sync="TRUE">8</attwidth><atprecis Sync="TRUE">0</atprecis><attscale Sync="TRUE">0</attscale></attr><attr><attrlabl Sync="TRUE">Shape_Le_2</attrlabl><attalias Sync="TRUE">Shape_Le_2</attalias><attrtype Sync="TRUE">Double</attrtype><attwidth Sync="TRUE">8</attwidth><atprecis Sync="TRUE">0</atprecis><attscale Sync="TRUE">0</attscale></attr><attr><attrlabl Sync="TRUE">Shape_Length</attrlabl><attalias Sync="TRUE">Shape_Length</attalias><attrtype Sync="TRUE">Double</attrtype><attwidth Sync="TRUE">8</attwidth><atprecis Sync="TRUE">0</atprecis><attscale Sync="TRUE">0</attscale><attrdef Sync="TRUE">Length of feature in internal units.</attrdef><attrdefs Sync="TRUE">Esri</attrdefs><attrdomv><udom Sync="TRUE">Positive real numbers that are automatically generated.</udom></attrdomv></attr><attr><attrlabl Sync="TRUE">validTo</attrlabl><attalias Sync="TRUE">validTo</attalias><attrtype Sync="TRUE">String</attrtype><attwidth Sync="TRUE">254</attwidth><atprecis Sync="TRUE">0</atprecis><attscale Sync="TRUE">0</attscale></attr></detailed></eainfo><mdDateSt Sync="TRUE">20210921</mdDateSt></metadata>
